1695197146302,AUDIENCE
1695197146302,e,1695269099776,Hello
1695197146302,b,1695792748329,me rai ahh
1695197146302,b,1695792752875,dee kub
1695197146302,Developers
1695197146302,Supporter
1695268372782,AUDIENCE
1695268372782,b,1695268560238,Test
1695268372782,admin,1695268571273,Hello
1695268372782,admin,1695268580619,This
1695268372782,b,1695268784456,bibimbam
1695268372782,b,1695268787386,dasd
1695268372782,b,1695268797107,dad i want a New Macbook!
1695268372782,e,1695268828858,Yeah
1695269162041,AUDIENCE
1695269162041,Robusta
1695197146302,Immortal
